id,name,title
0,Philip Allen,Manager
1,John Arnold,Vice President
2,Harpreet Arora,Vice President
3,Robert Badeer,Director
4,Susan Bailey,unknown
5,Eric Bass,Trader
6,Don Baughman,Trader
7,Sally Beck,Employee
8,Robert Benson,Director
9,Lynn Blair,unknown
10,Sandra Brawner,Director
11,Rick Buy,Manager
12,Larry Campbell,Employee
13,Margaret Carson,unknown
14,Mike Carson,Manager
15,Michelle Cash,unknown
16,Monika Causholli,Employee
17,Shelley Corman,Vice President
18,Martin Cuilla,Manager
19,Jeff Dasovich,Employee
20,Dana Davis,Vice President
21,Clint Dean,unknown
22,Craig Dean,Trader
23,David Delainey,CEO
24,James Derrick,In House Lawyer
25,Stacy Dickson,Employee
26,Lindy Donoho,Employee
27,Tom Donohoe,unknown
28,Chris Dorland,Manager
29,Frank Ermis,Director
30,Daren Farmer,Manager
31,Mary Fischer,Employee
32,John Forney,Manager
33,Drew Fossum,Vice President
34,Lisa Gang,unknown
35,Randall Gay,unknown
36,Rob Gay,unknown
37,Tracy Geaccone,Employee
38,Chris Germany,Employee
39,Daron Giron,Employee
40,John Griffith,unknown
41,Michael Grigsby,Manager
42,Mark Haedicke,Managing Director
43,J. Harris,unknown
44,Rod Hayslett,Vice President
45,Marie Heard,unknown
46,Scott Hendrickson,unknown
47,Juan Hernandez,Employee
48,Judy Hernandez,unknown
49,John Hodge,Managing Director
50,Keith Holst,Director
51,Stanley Horton,President
52,Kevin Hyatt,Director
53,Dan Hyvl,Employee
54,Tana Jones,unknown
55,Vince Kaminski,Manager
56,Steven Kean,Vice President
57,Peter Keavey,Employee
58,Kam Keiser,Employee
59,Jeff King,Manager
60,Louise Kitchen,President
61,Tori Kuykendall,Trader
62,John Lavorato,CEO
63,Kenneth Lay,CEO
64,Matthew Lenhart,Employee
65,Andrew Lewis,Director
66,Michelle Lokay,Employee
67,Teb Lokey,Manager
68,Phillip Love,unknown
69,Paul Lucci,Employee
70,Michael Maggi,Director
71,Kay Mann,Employee
72,Thomas Martin,Vice President
73,Lawrence May,Director
74,Danny McCarty,Vice President
75,Errol McLaughlin,Employee
76,Mark Mcconnell,unknown
77,Mike Mcconnell,unknown
78,Bradley Mckay,Employee
79,Jonathan Mckay,Director
80,Albert Meyers,Employee
81,Patrice Mims,unknown
82,Matthew Motley,Director
83,Scott Neal,Vice President
84,Gerald Nemec,unknown
85,Stephanie Panus,Employee
86,Joe Parks,unknown
87,Susan Pereira,Employee
88,Debra Perlingiere,unknown
89,Vladi Pimenov,unknown
90,Phillip Platter,Employee
91,Kevin Presto,Vice President
92,Joe Quenet,Trader
93,Dutch Quigley,unknown
94,Bill Rapp,unknown
95,Jay Reitmeyer,Employee
96,Cooper Richey,Manager
97,Andrea Ring,unknown
98,Richard Ring,Employee
99,Benjamin Rogers,Employee
100,Kevin Ruscitti,Trader
101,Elizabeth Sager,Employee
102,Eric Saibi,Trader
103,Holden Salisbury,Employee
104,Monique Sanchez,unknown
105,Richard Sanders,Vice President
106,Diana Scholtes,Trader
107,Darrell Schoolcraft,unknown
108,Jim Schwieger,Trader
109,Susan Scott,unknown
110,Cara Semperger,Employee
111,Sara Shackleton,unknown
112,Jeffrey Shankman,President
113,Richard Shapiro,Vice President
114,Hunter Shively,Vice President
115,Jeffery Skilling,CEO
116,Ryan Slinger,Trader
117,Gretel Smith,unknown
118,M. Smith,unknown
119,Matt Smith,unknown
120,Geir Solberg,Employee
121,Steven South,unknown
122,Theresa Staab,Employee
123,James Steffes,Vice President
124,Joe Stepenovitch,Vice President
125,Geoffery Storey,Director
126,Fletcher Sturm,Vice President
127,Mike Swerzbin,Trader
128,Kate Symes,Employee
129,Liz Taylor,unknown
130,Mark Taylor,Employee
131,Jane Tholt,Vice President
132,D. Thomas,unknown
133,Paul Thomas,unknown
134,Judy Townsend,Employee
135,Barry Tycholiz,Vice President
136,Kim Ward,unknown
137,Kimberly Watson,unknown
138,Charles Weldon,unknown
139,Greg Whalley,President
140,Stacey White,unknown
141,Brenda Whitehead,unknown
142,Mark Whitt,unknown
143,Bill Williams,unknown
144,Jason Williams,unknown
145,Joannie Williamson,unknown
146,Jason Wolfe,unknown
147,Andy Zipper,Vice President
148,John Zufferli,Vice President
