sender,recipient,emails
0,3,23
0,7,4
0,19,20
0,23,8
0,29,120
0,35,33
0,41,202
0,49,4
0,50,217
0,51,6
0,56,27
0,58,1
0,61,56
0,62,96
0,64,93
0,65,5
0,72,9
0,79,4
0,83,7
0,93,3
0,95,66
0,96,14
0,104,27
0,105,19
0,109,18
0,113,17
0,114,35
0,119,46
0,121,34
0,123,28
0,126,12
0,130,6
0,131,65
0,135,9
0,139,3
0,142,4
0,147,7
1,0,9
1,1,42
1,10,6
1,11,8
1,40,74
1,41,4
1,49,4
1,55,12
1,57,14
1,60,18
1,62,162
1,70,216
1,72,7
1,73,43
1,75,54
1,78,1
1,79,4
1,83,11
1,91,8
1,93,151
1,97,2
1,108,8
1,109,6
1,112,64
1,114,14
1,115,8
1,125,3
1,126,11
1,129,53
1,136,98
1,139,47
1,147,107
2,2,2
2,55,4
2,60,3
2,62,5
2,91,1
2,99,6
2,140,4
2,147,2
3,19,11
3,41,2
3,62,1
3,82,10
3,106,1
3,127,1
4,4,20
4,6,8
4,7,6
4,32,1
4,38,2
4,43,1
4,45,53
4,54,106
4,60,7
4,71,7
4,84,1
4,85,81
4,88,1
4,91,14
4,105,2
4,111,220
4,123,7
4,130,62
4,136,2
4,140,31
4,144,43
4,148,1
5,5,45
5,18,4
5,30,35
5,39,13
5,41,1
5,53,8
5,57,18
5,64,852
5,68,490
5,72,55
5,86,15
5,95,10
5,108,25
5,109,12
5,138,12
5,146,6
6,4,1
6,6,7
6,8,5
6,12,113
6,20,4
6,28,7
6,32,9
6,47,126
6,59,65
6,91,2
6,99,41
6,101,1
6,124,125
6,126,1
6,132,11
7,0,16
7,1,16
7,2,16
7,5,27
7,6,16
7,7,33
7,8,16
7,10,16
7,11,30
7,12,16
7,14,16
7,18,16
7,20,16
7,21,16
7,23,120
7,24,6
7,27,16
7,29,16
7,30,35
7,32,16
7,35,36
7,39,17
7,40,16
7,41,2
7,42,6
7,44,12
7,46,16
7,47,16
7,48,12
7,50,16
7,51,6
7,55,14
7,56,15
7,57,16
7,58,50
7,59,16
7,60,195
7,62,138
7,63,8
7,65,16
7,68,35
7,70,16
7,72,18
7,73,16
7,75,16
7,77,65
7,78,16
7,81,16
7,83,18
7,86,16
7,91,1
7,92,16
7,93,20
7,95,23
7,99,16
7,101,1
7,102,16
7,104,4
7,108,16
7,109,4
7,112,31
7,114,20
7,115,20
7,117,40
7,122,7
7,124,16
7,125,20
7,126,19
7,129,29
7,130,6
7,133,16
7,135,3
7,139,57
7,140,53
7,144,12
7,145,1
7,146,11
7,147,24
8,91,12
9,9,683
9,17,259
9,26,28
9,33,25
9,37,2
9,44,5
9,51,4
9,66,24
9,67,6
9,74,9
9,76,22
9,94,5
9,107,86
9,109,12
9,137,65
10,1,8
10,10,70
10,23,4
10,27,2
10,40,4
10,57,1
10,60,8
10,62,9
10,70,4
10,72,7
10,78,5
10,79,6
10,83,8
10,108,5
10,112,17
10,114,2
10,139,3
11,7,49
11,11,24
11,17,1
11,23,34
11,24,10
11,42,7
11,55,4
11,56,1
11,60,14
11,62,38
11,63,3
11,77,13
11,105,6
11,112,15
11,139,58
11,140,1
11,145,2
11,147,2
12,6,32
12,12,90
12,47,1
12,52,45
12,76,2
12,99,1
12,107,2
12,124,5
12,132,2
12,137,4
13,19,54
13,55,22
13,56,68
13,60,1
13,83,2
13,113,21
13,123,81
14,8,4
14,21,8
14,59,9
14,91,7
14,102,2
14,126,2
14,148,12
15,7,3
15,15,26
15,24,5
15,42,51
15,49,16
15,54,8
15,55,2
15,56,6
15,60,20
15,62,7
15,74,2
15,101,22
15,105,36
15,112,2
15,114,1
15,125,1
15,130,22
15,139,1
15,147,4
16,16,3
16,34,3
16,110,4
16,143,2
17,9,128
17,13,3
17,17,51
17,19,26
17,26,38
17,33,134
17,37,14
17,44,100
17,51,151
17,52,14
17,56,154
17,60,3
17,66,18
17,67,102
17,74,65
17,107,13
17,109,103
17,113,61
17,123,52
17,130,6
17,137,47
18,5,15
18,18,73
18,28,1
18,29,13
18,41,13
18,57,3
18,61,16
18,64,13
18,65,5
18,68,4
18,78,13
18,83,11
18,100,12
18,114,25
18,121,3
18,125,8
18,126,3
18,131,3
19,0,58
19,3,642
19,11,10
19,13,79
19,17,58
19,19,613
19,20,1
19,23,193
19,26,5
19,32,4
19,33,58
19,41,3
19,42,2
19,49,2
19,50,4
19,52,20
19,55,3
19,56,568
19,60,138
19,62,148
19,63,16
19,66,8
19,67,5
19,91,3
19,98,2
19,101,18
19,105,1139
19,109,149
19,113,3743
19,115,17
19,123,3994
19,126,3
19,127,3
19,131,33
19,135,118
19,137,9
19,139,87
19,141,4
19,143,1
20,8,7
20,20,93
20,91,16
20,92,6
20,99,6
20,123,3
21,6,2
21,21,2
21,32,9
21,47,2
21,59,4
21,102,5
22,80,2
22,103,2
22,110,1
22,143,2
23,0,59
23,1,34
23,7,90
23,10,3
23,11,148
23,15,8
23,19,2
23,20,7
23,23,25
23,24,7
23,42,244
23,51,6
23,55,33
23,56,60
23,60,34
23,62,772
23,63,42
23,72,34
23,74,2
23,77,41
23,79,19
23,83,55
23,91,236
23,99,8
23,101,4
23,105,14
23,108,8
23,112,110
23,113,83
23,114,55
23,115,51
23,123,117
23,126,7
23,127,8
23,135,45
23,139,112
23,148,11
24,15,8
24,24,1
24,33,12
24,42,29
24,43,197
24,51,6
24,56,1
24,63,13
24,74,6
24,76,1
24,105,24
24,115,7
24,139,3
24,145,3
25,49,32
25,53,37
25,54,29
25,78,2
25,87,2
25,88,23
25,111,20
25,130,20
25,144,4
26,9,43
26,17,33
26,33,48
26,37,45
26,44,12
26,52,51
26,66,90
26,67,29
26,74,3
26,76,13
26,94,14
26,107,14
26,109,39
26,137,124
27,62,6
27,63,2
27,100,7
27,114,12
27,139,3
28,0,6
28,6,3
28,8,12
28,14,7
28,18,2
28,28,2
28,29,17
28,41,22
28,50,48
28,59,1
28,62,23
28,64,9
28,79,29
28,91,5
28,95,10
28,96,12
28,104,2
28,119,4
28,121,6
28,125,7
28,126,3
28,133,11
28,135,23
28,148,17
29,29,13
29,41,9
29,64,4
29,95,10
29,121,1
29,146,2
30,5,12
30,30,8
30,35,4
30,40,8
30,49,4
30,53,4
30,72,18
30,84,1
30,138,2
31,31,1
32,3,5
32,6,10
32,14,1
32,16,3
32,21,24
32,47,6
32,59,6
32,90,3
32,91,3
32,101,3
32,102,95
32,110,1
32,116,3
32,128,9
32,136,1
32,140,1
32,143,2
33,9,51
33,13,6
33,17,353
33,19,25
33,24,18
33,26,76
33,33,54
33,37,22
33,42,5
33,44,136
33,51,45
33,52,430
33,54,6
33,56,6
33,66,25
33,67,27
33,71,1
33,74,146
33,84,10
33,94,7
33,101,2
33,105,6
33,107,16
33,109,927
33,113,6
33,123,6
33,130,2
33,137,48
33,142,9
34,103,5
34,106,1
34,110,5
34,128,1
34,143,6
35,0,17
35,29,11
35,30,12
35,36,60
35,38,4
35,41,8
35,58,1
35,61,35
35,64,11
35,95,19
35,96,4
35,121,8
35,122,3
35,131,15
35,135,3
35,136,3
36,36,8
37,17,13
37,26,31
37,33,6
37,37,2
37,44,244
37,51,7
37,52,7
37,66,6
37,67,6
37,74,28
37,76,3
37,94,2
37,107,6
37,109,1
37,137,36
38,18,22
38,27,18
38,30,2
38,35,4
38,38,442
38,39,1
38,44,1
38,46,505
38,49,165
38,52,1
38,53,4
38,57,2
38,58,30
38,65,4
38,71,101
38,78,11
38,79,16
38,83,348
38,86,148
38,87,118
38,89,4
38,97,39
38,100,103
38,109,1
38,111,1
38,114,37
38,125,15
38,134,925
39,39,2
39,40,5
39,41,4
39,49,6
39,58,105
39,68,239
39,75,29
39,93,4
39,109,4
39,114,20
39,122,4
39,142,4
39,146,216
40,0,6
40,1,52
40,18,3
40,30,4
40,40,18
40,49,2
40,50,3
40,55,6
40,57,4
40,62,12
40,70,90
40,73,51
40,75,6
40,78,8
40,79,2
40,83,16
40,89,12
40,93,94
40,99,3
40,114,6
40,125,6
40,147,37
41,0,378
41,1,19
41,3,29
41,5,49
41,18,2
41,28,8
41,29,261
41,35,347
41,39,4
41,41,9
41,49,15
41,50,377
41,57,4
41,58,31
41,60,8
41,61,373
41,62,48
41,64,364
41,68,6
41,72,9
41,73,4
41,82,14
41,83,10
41,86,1
41,89,1
41,95,344
41,96,4
41,104,338
41,109,309
41,112,7
41,114,37
41,119,312
41,121,35
41,125,1
41,126,1
41,127,5
41,131,406
41,135,287
41,136,12
41,142,6
41,146,296
41,148,1
42,4,8
42,11,9
42,15,34
42,23,51
42,24,20
42,25,4
42,33,1
42,42,11
42,43,4
42,45,8
42,49,130
42,53,1
42,54,8
42,55,2
42,56,16
42,60,50
42,62,26
42,71,11
42,77,2
42,84,11
42,85,8
42,88,8
42,91,2
42,94,5
42,101,137
42,105,102
42,111,10
42,112,6
42,113,15
42,123,3
42,126,1
42,129,12
42,130,173
42,139,16
42,145,1
42,147,8
43,4,3
43,15,2
43,24,48
43,42,2
43,49,2
43,53,2
43,94,2
43,101,2
43,105,2
44,7,9
44,9,2
44,17,36
44,26,25
44,33,69
44,37,385
44,44,39
44,51,74
44,52,1
44,54,2
44,56,1
44,66,11
44,67,3
44,72,1
44,74,84
44,76,3
44,94,12
44,115,1
44,137,21
45,4,105
45,11,1
45,45,69
45,49,80
45,54,284
45,60,2
45,84,72
45,85,87
45,88,5
45,101,89
45,111,288
45,130,30
46,38,16
46,73,22
46,83,26
46,93,2
46,130,6
47,6,34
47,32,1
47,59,7
47,124,4
48,48,11
49,0,4
49,11,3
49,15,2
49,23,1
49,25,18
49,38,37
49,40,3
49,41,2
49,42,52
49,44,2
49,45,8
49,49,26
49,53,36
49,54,30
49,60,11
49,71,21
49,78,6
49,81,2
49,83,27
49,84,38
49,88,11
49,101,31
49,105,43
49,111,10
49,130,37
49,134,4
49,135,4
49,138,3
50,0,8
50,41,5
50,55,1
50,58,1
50,60,1
50,62,6
50,109,2
50,114,2
50,119,2
50,125,1
50,146,2
51,7,2
51,9,2
51,11,6
51,17,58
51,24,6
51,26,8
51,33,24
51,37,10
51,44,52
51,51,31
51,52,4
51,55,9
51,56,13
51,62,19
51,63,7
51,66,3
51,74,61
51,76,2
51,77,9
51,83,2
51,91,2
51,99,4
51,112,24
51,114,2
51,115,6
51,137,11
51,139,11
51,147,2
52,9,18
52,12,32
52,17,7
52,23,1
52,26,55
52,30,4
52,33,10
52,37,18
52,38,1
52,44,7
52,51,1
52,52,3
52,63,2
52,66,139
52,67,32
52,72,2
52,74,2
52,76,12
52,94,5
52,105,6
52,107,23
52,109,8
52,137,80
53,5,5
53,25,117
53,35,2
53,49,138
53,53,4
53,54,22
53,61,8
53,81,15
53,84,16
53,88,141
53,100,17
53,105,16
53,114,6
53,121,8
53,130,18
53,135,37
53,136,139
53,142,8
53,144,35
54,1,55
54,4,605
54,7,4
54,15,4
54,20,8
54,25,593
54,42,4
54,44,2
54,45,908
54,49,874
54,53,16
54,54,25
54,56,2
54,60,178
54,62,2
54,70,2
54,71,2
54,85,375
54,88,7
54,91,6
54,93,50
54,101,382
54,105,2
54,111,1116
54,112,2
54,126,2
54,127,16
54,130,1722
54,135,2
54,141,4
54,144,21
54,147,56
54,148,16
55,1,18
55,2,25
55,7,46
55,11,87
55,13,47
55,15,2
55,17,5
55,23,38
55,24,2
55,37,5
55,42,19
55,50,1
55,51,8
55,54,1
55,55,10258
55,56,25
55,60,63
55,62,109
55,63,12
55,74,7
55,91,19
55,99,4
55,108,13
55,112,255
55,113,8
55,114,32
55,115,45
55,123,7
55,126,4
55,129,13
55,137,50
55,138,21
55,139,137
55,145,2
55,147,10
56,0,35
56,3,17
56,7,1
56,11,61
56,13,46
56,15,42
56,17,103
56,19,764
56,23,82
56,24,86
56,41,6
56,42,55
56,44,4
56,49,56
56,51,52
56,55,35
56,56,137
56,60,54
56,62,98
56,63,200
56,77,22
56,83,6
56,91,1
56,101,1
56,105,52
56,112,36
56,113,1100
56,115,114
56,123,708
56,129,14
56,131,4
56,139,153
56,145,35
57,1,29
57,5,6
57,10,3
57,40,1
57,41,4
57,46,4
57,57,1
57,60,11
57,61,4
57,73,8
57,78,10
57,79,4
57,83,8
57,112,11
57,114,2
57,130,6
58,0,52
58,3,2
58,5,2
58,10,6
58,28,2
58,29,38
58,35,46
58,38,9
58,39,75
58,41,81
58,49,5
58,50,44
58,57,4
58,58,43
58,61,50
58,64,50
58,65,2
58,68,138
58,69,2
58,72,2
58,75,94
58,78,4
58,79,6
58,82,2
58,83,24
58,87,8
58,89,6
58,95,51
58,97,7
58,100,3
58,114,8
58,119,38
58,125,2
58,131,40
58,134,6
58,135,2
58,138,2
58,140,2
58,142,16
58,146,49
59,6,2
59,14,4
59,28,4
59,32,1
59,92,4
60,0,108
60,1,77
60,2,34
60,3,2
60,7,155
60,8,15
60,10,15
60,11,72
60,14,28
60,15,19
60,18,1
60,19,1
60,20,62
60,23,13
60,41,105
60,42,117
60,45,2
60,49,44
60,50,14
60,54,45
60,55,32
60,56,27
60,57,2
60,60,111
60,62,457
60,63,3
60,69,14
60,70,14
60,71,2
60,72,107
60,73,14
60,74,1
60,77,16
60,78,14
60,79,21
60,81,3
60,82,2
60,83,80
60,84,4
60,91,155
60,99,2
60,101,53
60,105,12
60,108,1
60,111,3
60,112,30
60,113,17
60,114,148
60,115,2
60,123,91
60,125,63
60,126,60
60,127,39
60,129,36
60,130,235
60,135,131
60,139,185
60,140,40
60,142,6
60,147,139
60,148,85
61,0,6
61,5,1
61,18,9
61,29,6
61,30,3
61,35,19
61,41,52
61,50,14
61,54,4
61,61,9
61,64,24
61,95,18
61,104,9
61,109,11
61,119,6
61,121,6
61,125,2
61,126,4
61,130,2
61,131,39
61,136,8
62,0,77
62,1,178
62,2,34
62,3,18
62,5,18
62,6,18
62,7,25
62,8,19
62,10,18
62,11,108
62,14,19
62,15,4
62,18,18
62,20,22
62,21,18
62,23,271
62,24,2
62,27,18
62,28,27
62,29,18
62,32,18
62,35,18
62,38,18
62,41,51
62,42,37
62,44,2
62,46,18
62,47,18
62,49,4
62,50,19
62,51,5
62,55,15
62,56,6
62,57,18
62,59,18
62,60,215
62,61,18
62,62,63
62,63,12
62,64,18
62,65,19
62,70,18
62,72,58
62,73,18
62,74,2
62,77,2
62,78,18
62,79,65
62,81,18
62,82,19
62,83,70
62,86,18
62,87,18
62,89,19
62,91,194
62,92,18
62,93,4
62,95,18
62,97,18
62,100,18
62,102,18
62,104,18
62,106,18
62,108,37
62,112,49
62,113,13
62,114,99
62,115,7
62,119,1
62,121,10
62,123,6
62,125,19
62,126,59
62,127,34
62,129,9
62,131,18
62,134,18
62,135,37
62,139,176
62,140,2
62,143,8
62,145,2
62,146,1
62,147,30
62,148,46
63,0,12
63,1,8
63,2,8
63,6,8
63,7,12
63,11,11
63,15,1
63,16,8
63,20,8
63,23,11
63,24,13
63,35,8
63,41,8
63,42,4
63,43,8
63,44,11
63,47,8
63,51,11
63,55,4
63,56,18
63,58,8
63,60,11
63,62,11
63,63,11
63,64,8
63,68,8
63,72,8
63,74,11
63,75,8
63,77,11
63,83,8
63,89,8
63,91,8
63,93,8
63,95,8
63,96,8
63,99,10
63,104,8
63,109,8
63,112,11
63,113,10
63,114,8
63,115,2
63,119,8
63,123,8
63,126,8
63,127,8
63,130,8
63,135,8
63,138,8
63,139,13
63,140,8
63,142,8
63,146,8
63,147,8
63,148,8
64,0,28
64,3,6
64,5,375
64,18,1
64,28,2
64,29,27
64,30,12
64,35,23
64,41,68
64,50,10
64,58,11
64,61,68
64,64,467
64,68,102
64,69,2
64,75,8
64,82,1
64,95,146
64,96,42
64,104,10
64,109,86
64,119,17
64,121,25
64,131,21
64,146,18
65,0,8
65,64,4
65,114,4
65,125,2
65,139,2
66,9,4
66,17,11
66,19,1
66,26,201
66,37,22
66,44,15
66,52,161
66,66,336
66,67,5
66,74,2
66,76,138
66,94,6
66,107,19
66,109,8
66,137,212
67,12,2
67,17,14
67,26,8
67,33,1
67,37,8
67,66,5
67,76,3
67,94,18
67,107,7
67,137,24
68,0,2
68,3,3
68,5,205
68,10,15
68,18,16
68,38,15
68,39,262
68,41,15
68,49,19
68,57,15
68,58,263
68,61,15
68,64,130
68,65,8
68,68,27
68,75,104
68,78,15
68,79,18
68,81,10
68,83,15
68,87,15
68,89,15
68,97,7
68,100,5
68,104,4
68,114,2
68,125,34
68,131,15
68,134,15
68,144,10
68,146,71
69,29,1
69,84,16
69,88,1
69,95,23
69,109,2
69,122,28
69,135,13
69,142,40
70,1,10
70,10,3
70,40,13
70,73,3
70,136,1
71,4,3
71,15,8
71,23,6
71,25,20
71,33,1
71,38,20
71,42,28
71,45,1
71,49,497
71,54,4
71,71,463
71,84,6
71,85,5
71,86,8
71,88,15
71,91,8
71,101,108
71,105,61
71,111,44
71,123,9
71,130,6
71,143,140
72,5,20
72,10,3
72,30,15
72,44,5
72,49,2
72,51,4
72,60,6
72,62,21
72,72,55
72,83,2
72,86,7
72,108,11
72,114,2
72,134,2
72,138,7
73,0,28
73,1,51
73,7,18
73,40,22
73,41,3
73,57,12
73,60,8
73,62,8
73,70,18
73,75,10
73,83,8
73,93,2
73,109,23
73,114,8
73,126,12
73,147,7
74,17,6
74,26,2
74,33,7
74,37,2
74,44,41
74,51,23
74,52,2
74,63,2
74,66,2
74,67,2
74,74,2
74,137,2
74,139,4
75,1,168
75,39,31
75,40,196
75,58,55
75,68,17
75,70,152
75,73,134
75,75,152
75,93,223
75,109,30
75,147,5
76,12,8
76,26,17
76,37,9
76,44,30
76,52,5
76,66,26
76,67,14
76,76,5
76,77,4
76,94,34
76,107,1
76,137,124
77,2,12
77,7,36
77,11,21
77,23,25
77,24,7
77,42,11
77,43,14
77,51,11
77,55,10
77,56,39
77,60,77
77,62,21
77,63,22
77,74,3
77,76,55
77,77,27
77,112,637
77,115,10
77,129,34
77,139,60
77,145,14
77,147,3
78,46,4
78,49,4
78,57,7
78,73,2
78,78,1
78,79,1
78,83,4
78,89,4
79,1,5
79,8,4
79,10,9
79,18,1
79,28,4
79,40,4
79,49,1
79,50,4
79,57,1
79,58,4
79,62,33
79,70,5
79,78,17
79,79,17
79,83,32
79,89,11
79,97,1
79,114,1
79,125,4
79,126,1
79,134,4
79,135,4
79,147,1
79,148,7
80,22,4
80,34,1
80,116,4
80,120,2
80,128,2
80,143,23
81,10,2
81,27,7
81,53,3
81,60,2
81,68,7
81,81,50
81,88,23
81,100,24
81,114,12
81,125,4
81,129,3
81,130,6
81,144,4
82,0,1
82,3,1
82,41,3
82,50,1
82,82,1
82,104,1
82,127,2
83,0,88
83,1,46
83,7,4
83,10,143
83,23,7
83,35,4
83,38,61
83,40,22
83,41,36
83,46,52
83,49,51
83,57,77
83,58,14
83,60,5
83,61,6
83,62,63
83,65,38
83,70,20
83,72,80
83,73,12
83,78,98
83,79,36
83,87,46
83,88,9
83,89,26
83,91,6
83,97,108
83,108,26
83,111,2
83,112,12
83,114,114
83,126,46
83,129,8
83,134,71
83,138,3
83,140,4
84,15,12
84,30,2
84,33,14
84,38,6
84,42,19
84,49,138
84,53,24
84,54,2
84,60,4
84,67,4
84,69,23
84,84,48
84,85,1
84,86,13
84,88,94
84,93,2
84,101,8
84,105,6
84,108,12
84,109,50
84,111,2
84,122,10
84,130,26
84,135,308
84,136,38
84,142,333
84,144,2
85,0,4
85,2,10
85,4,313
85,20,10
85,38,4
85,45,96
85,49,18
85,54,284
85,71,26
85,81,7
85,84,20
85,88,6
85,91,33
85,101,27
85,106,20
85,111,530
85,126,10
85,130,195
85,136,5
85,140,10
85,144,141
86,5,6
86,38,9
86,53,1
86,71,1
86,72,4
86,84,2
86,109,2
87,25,15
87,38,7
87,58,2
87,63,2
87,131,1
88,4,13
88,25,186
88,30,5
88,35,1
88,45,3
88,49,201
88,53,225
88,61,4
88,69,4
88,71,14
88,72,1
88,78,4
88,81,46
88,83,12
88,84,198
88,85,2
88,88,63
88,100,18
88,122,32
88,125,3
88,135,8
88,136,50
88,142,25
88,144,78
89,10,2
89,40,5
89,79,5
89,93,3
89,125,1
89,131,1
90,3,1
90,16,6
90,32,3
90,34,1
90,103,4
90,128,6
91,1,2
91,2,18
91,6,5
91,7,3
91,8,48
91,11,4
91,14,22
91,20,81
91,21,3
91,23,8
91,28,10
91,32,16
91,42,10
91,44,2
91,47,5
91,55,13
91,59,20
91,60,123
91,62,162
91,71,1
91,85,4
91,91,12
91,92,1
91,101,40
91,105,2
91,106,2
91,109,4
91,113,8
91,114,24
91,123,38
91,126,94
91,127,2
91,129,7
91,132,6
91,139,32
91,140,38
91,143,1
91,147,15
91,148,4
92,2,1
92,8,1
92,28,8
92,91,2
92,126,1
93,1,48
93,40,40
93,54,2
93,62,2
93,70,22
93,73,12
93,75,80
93,93,2
93,109,41
93,125,11
93,138,4
93,147,2
94,9,11
94,23,2
94,26,38
94,33,20
94,42,4
94,44,2
94,49,4
94,52,1
94,66,23
94,67,66
94,76,34
94,94,7
94,137,87
95,0,6
95,3,2
95,29,18
95,39,2
95,41,19
95,50,11
95,58,1
95,61,9
95,62,7
95,64,9
95,104,1
95,109,2
95,114,8
95,121,3
95,122,2
95,138,1
96,3,3
96,79,2
96,131,3
96,143,1
96,148,2
97,10,48
97,38,4
97,46,4
97,57,4
97,78,4
97,83,4
97,84,1
97,87,4
97,98,90
97,134,4
98,19,2
98,98,1
98,123,5
99,2,9
99,6,1
99,8,2
99,20,2
99,23,32
99,51,5
99,55,3
99,63,2
99,91,4
99,92,2
99,99,2
100,18,1
100,53,10
100,65,1
100,81,5
100,86,1
100,88,12
100,114,11
100,144,1
101,15,10
101,20,2
101,23,11
101,42,139
101,45,9
101,49,77
101,54,23
101,56,19
101,60,24
101,62,1
101,71,32
101,84,4
101,85,1
101,91,76
101,98,10
101,101,120
101,105,79
101,113,12
101,123,6
101,130,28
101,132,4
101,139,19
101,141,296
101,148,2
102,14,2
102,21,1
102,32,3
102,54,2
103,16,3
103,34,5
103,106,8
103,110,15
103,120,4
103,128,3
103,143,3
104,0,20
104,3,18
104,5,20
104,28,2
104,29,20
104,35,20
104,39,3
104,41,31
104,50,21
104,57,17
104,58,3
104,61,22
104,64,20
104,65,20
104,68,20
104,73,17
104,75,20
104,82,20
104,83,17
104,93,23
104,95,22
104,104,2
104,109,26
104,114,17
104,119,21
104,121,3
104,131,21
104,135,17
104,136,17
104,146,20
105,0,2
105,11,7
105,15,51
105,19,46
105,23,12
105,24,57
105,27,2
105,33,1
105,41,2
105,42,241
105,45,4
105,49,34
105,52,4
105,54,2
105,55,2
105,56,91
105,60,9
105,62,9
105,71,10
105,77,4
105,83,4
105,84,6
105,91,24
105,97,2
105,101,110
105,105,106
105,111,6
105,113,43
105,123,65
105,126,2
105,127,2
105,129,4
105,130,24
105,139,20
105,141,2
106,3,3
106,82,3
106,90,8
106,103,5
106,110,56
106,127,19
106,128,22
106,140,2
106,143,20
107,9,58
107,17,40
107,26,14
107,37,2
107,52,16
107,66,48
107,67,3
107,76,17
107,94,4
107,107,30
107,109,6
107,137,83
108,5,18
108,10,19
108,23,4
108,30,9
108,49,4
108,53,6
108,60,3
108,62,23
108,63,3
108,72,55
108,73,1
108,83,10
108,84,2
108,86,6
108,108,81
108,115,4
108,136,4
108,138,6
108,139,8
109,0,4
109,3,1
109,5,23
109,6,3
109,8,3
109,9,23
109,12,6
109,14,16
109,17,166
109,19,66
109,20,5
109,26,177
109,28,6
109,29,3
109,32,16
109,33,147
109,35,3
109,38,1
109,41,9
109,44,6
109,47,16
109,50,6
109,52,292
109,59,3
109,61,5
109,64,22
109,66,218
109,69,4
109,70,3
109,73,31
109,74,23
109,75,26
109,82,4
109,84,13
109,86,9
109,91,1
109,92,6
109,93,53
109,95,9
109,102,16
109,104,225
109,107,6
109,109,123
109,113,3
109,119,5
109,122,11
109,123,48
109,124,6
109,126,3
109,131,3
109,132,6
109,135,1
109,142,1
109,146,2
110,3,6
110,16,4
110,32,22
110,34,118
110,82,12
110,90,14
110,103,49
110,106,144
110,127,9
110,128,114
110,143,41
111,1,8
111,4,805
111,15,2
111,25,10
111,45,541
111,49,16
111,54,741
111,70,2
111,71,27
111,73,2
111,83,2
111,85,668
111,88,4
111,91,3
111,101,9
111,105,22
111,111,20
111,130,937
111,135,4
111,136,20
111,138,1
111,141,2
111,144,67
112,0,6
112,1,19
112,2,4
112,7,35
112,10,4
112,11,71
112,15,5
112,23,14
112,24,6
112,41,6
112,42,25
112,55,51
112,56,7
112,60,23
112,62,52
112,63,2
112,77,336
112,83,3
112,91,3
112,112,13
112,113,3
112,114,9
112,115,38
112,126,11
112,129,14
112,139,68
112,147,26
112,148,1
113,0,4
113,2,7
113,11,8
113,19,341
113,23,56
113,24,2
113,42,24
113,49,14
113,51,8
113,55,6
113,56,856
113,60,63
113,62,76
113,63,31
113,77,19
113,91,17
113,105,14
113,112,23
113,113,69
113,115,18
113,123,456
113,130,18
113,131,4
113,139,36
114,0,19
114,1,10
114,10,4
114,13,7
114,15,1
114,18,12
114,27,7
114,39,9
114,41,21
114,49,10
114,53,6
114,57,1
114,58,8
114,60,14
114,62,71
114,65,44
114,72,16
114,79,4
114,81,20
114,83,30
114,91,7
114,95,1
114,100,10
114,112,7
114,114,20
114,125,56
114,126,4
114,129,4
114,139,4
114,144,4
115,0,4
115,2,7
115,7,4
115,11,13
115,17,1
115,23,7
115,24,4
115,33,1
115,42,4
115,44,2
115,51,4
115,55,4
115,56,5
115,60,5
115,62,4
115,63,8
115,74,5
115,77,8
115,91,1
115,112,4
115,113,4
115,115,1
115,123,1
115,130,8
115,135,1
115,139,5
115,142,8
115,145,13
115,147,1
116,22,14
116,80,6
116,106,4
116,116,12
116,120,14
116,128,10
116,143,17
118,35,1
118,58,2
118,75,24
118,96,6
118,118,17
118,140,2
118,143,2
119,0,13
119,30,1
119,41,5
119,50,14
119,58,8
119,61,2
119,95,9
119,104,2
119,109,4
119,119,1
119,125,1
119,131,7
119,138,7
119,146,1
120,16,3
120,22,1
120,32,6
120,103,9
120,110,2
120,116,6
120,128,4
120,143,12
122,69,37
122,84,27
122,88,8
122,95,45
122,109,7
122,122,1
122,135,1
122,142,48
123,0,95
123,2,5
123,3,81
123,4,12
123,13,47
123,17,40
123,19,1179
123,20,6
123,23,213
123,41,70
123,42,47
123,49,86
123,50,70
123,55,7
123,56,1035
123,60,110
123,62,187
123,83,1
123,91,72
123,98,5
123,101,121
123,105,271
123,106,2
123,109,10
123,113,1689
123,114,3
123,123,21
123,130,4
123,135,1
123,139,48
124,6,8
124,12,5
124,47,6
124,99,1
124,124,16
124,132,2
125,49,2
125,50,1
125,60,19
125,68,1
125,93,7
125,100,1
125,114,4
125,125,2
126,0,18
126,1,6
126,2,6
126,6,13
126,7,4
126,8,1
126,14,12
126,20,11
126,23,4
126,28,8
126,41,6
126,42,1
126,59,13
126,60,7
126,62,31
126,72,6
126,78,4
126,83,6
126,91,8
126,92,4
126,102,7
126,112,27
126,114,36
126,125,2
126,126,2
126,139,18
126,147,2
127,20,1
127,41,2
127,50,2
127,82,5
127,91,2
128,3,68
128,16,12
128,22,2
128,32,8
128,34,68
128,82,96
128,90,81
128,103,24
128,106,98
128,110,125
128,116,8
128,120,16
128,127,72
128,128,4
128,136,4
128,140,2
128,143,154
129,0,58
129,1,16
129,2,8
129,5,32
129,6,32
129,7,21
129,8,32
129,10,32
129,11,28
129,14,50
129,15,6
129,20,57
129,22,32
129,23,62
129,24,28
129,28,32
129,29,32
129,40,32
129,41,57
129,42,52
129,43,10
129,44,5
129,45,32
129,49,41
129,50,32
129,51,46
129,54,38
129,55,11
129,56,29
129,59,32
129,60,183
129,62,193
129,63,32
129,64,32
129,65,32
129,70,32
129,72,60
129,73,32
129,74,8
129,77,118
129,79,32
129,80,32
129,81,32
129,83,40
129,89,32
129,91,61
129,95,33
129,96,32
129,97,32
129,101,41
129,102,32
129,103,32
129,106,32
129,109,3
129,112,79
129,113,4
129,114,68
129,115,32
129,116,32
129,120,32
129,123,3
129,125,32
129,126,57
129,127,57
129,129,27
129,130,6
129,131,32
129,132,32
129,134,32
129,135,41
129,138,32
129,139,108
129,140,4
129,146,32
129,147,41
129,148,57
130,1,2
130,2,4
130,4,133
130,15,16
130,25,56
130,42,117
130,45,63
130,49,118
130,53,26
130,54,597
130,56,12
130,57,5
130,60,183
130,71,6
130,84,8
130,85,57
130,88,8
130,93,2
130,101,71
130,105,38
130,111,381
130,113,12
130,123,2
130,130,120
130,141,16
130,147,62
130,148,4
131,0,46
131,19,24
131,29,15
131,35,43
131,41,71
131,49,5
131,50,15
131,56,1
131,61,68
131,62,1
131,64,17
131,95,15
131,96,4
131,97,8
131,104,10
131,119,22
131,121,4
131,131,57
131,135,46
131,136,13
131,146,2
132,8,2
132,12,10
132,20,6
132,92,3
132,99,6
132,124,5
132,133,1
133,12,4
133,99,4
133,124,4
133,132,9
133,133,1
134,38,57
135,0,8
135,1,1
135,8,3
135,19,50
135,23,6
135,28,1
135,35,1
135,39,3
135,41,29
135,50,3
135,53,16
135,60,18
135,61,1
135,62,17
135,69,11
135,72,1
135,76,1
135,79,4
135,83,1
135,84,131
135,114,1
135,122,1
135,123,2
135,126,6
135,131,10
135,135,8
135,136,26
135,142,98
136,0,3
136,1,8
136,4,4
136,25,1
136,41,6
136,49,1
136,53,50
136,82,2
136,84,30
136,85,1
136,88,9
136,93,1
136,108,5
136,111,21
136,128,3
136,131,2
136,135,42
136,138,2
136,144,16
137,9,18
137,17,10
137,26,131
137,33,7
137,37,18
137,44,7
137,51,1
137,52,20
137,55,23
137,66,245
137,67,24
137,72,3
137,74,7
137,76,248
137,77,1
137,94,22
137,107,15
137,137,8
138,0,3
138,1,3
138,5,6
138,30,1
138,40,8
138,55,30
138,62,3
138,72,10
138,83,3
138,86,5
138,91,3
138,93,2
138,108,4
138,114,3
138,119,3
138,125,12
138,126,3
138,136,2
138,138,23
139,0,3
139,1,12
139,7,1
139,11,11
139,23,11
139,27,2
139,42,1
139,55,3
139,56,1
139,60,26
139,62,49
139,63,1
139,77,5
139,83,3
139,105,6
139,108,2
139,112,18
139,114,4
139,115,1
139,126,3
139,129,2
139,147,12
140,2,1
140,4,2
140,6,2
140,7,20
140,8,2
140,20,5
140,58,4
140,60,5
140,62,13
140,75,1
140,85,2
140,91,19
140,101,8
140,106,4
140,125,5
140,126,2
140,138,1
140,140,33
140,148,3
141,0,3
141,1,3
141,4,14
141,7,3
141,15,19
141,23,17
141,25,19
141,42,45
141,49,42
141,53,19
141,54,16
141,56,14
141,71,19
141,72,3
141,83,3
141,84,19
141,85,6
141,88,6
141,91,22
141,101,73
141,105,37
141,108,3
141,111,23
141,114,3
141,126,3
141,127,3
141,130,36
141,139,14
141,141,2
142,0,5
142,29,29
142,41,43
142,53,4
142,58,2
142,69,132
142,84,184
142,95,41
142,109,3
142,121,5
142,122,47
142,123,6
142,135,187
142,136,3
142,142,8
143,16,5
143,22,217
143,32,2
143,34,10
143,71,32
143,80,38
143,82,2
143,90,4
143,103,17
143,106,10
143,110,22
143,116,220
143,120,221
143,127,4
143,128,307
143,143,283
143,148,4
144,0,3
144,1,3
144,4,11
144,49,4
144,53,55
144,54,4
144,72,3
144,83,3
144,85,10
144,88,47
144,100,3
144,111,20
144,114,3
144,130,4
144,135,11
144,136,23
144,138,9
144,144,40
144,145,1
145,0,14
145,1,1
145,7,18
145,11,94
145,15,4
145,23,97
145,24,95
145,37,1
145,42,88
145,43,140
145,44,18
145,51,92
145,55,14
145,56,97
145,60,80
145,62,80
145,63,97
145,74,18
145,77,91
145,112,91
145,113,15
145,115,7
145,129,111
145,139,104
145,145,117
145,147,1
146,29,9
146,41,10
146,64,6
146,68,1
146,95,1
146,135,1
147,0,5
147,1,29
147,2,7
147,7,1
147,20,5
147,23,1
147,39,3
147,40,14
147,54,7
147,57,1
147,60,41
147,62,15
147,70,17
147,72,6
147,73,14
147,75,23
147,78,6
147,79,6
147,83,11
147,89,6
147,91,1
147,108,4
147,112,6
147,114,5
147,126,7
147,129,6
147,130,43
147,135,5
147,139,30
147,147,9
148,28,13
148,41,1
148,60,2
148,62,11
148,79,2
148,96,22
148,112,2
148,114,1
148,130,1
148,139,1
